id,name,nasaJplUrl,absoluteMagnitude,estimatedDiameterMinKm,estimatedDiameterMaxKm,isPotentiallyHazardous,isSentryObject,closeApproachDate,closeApproachVelocityKmh,missDistanceKm,orbitingBody
2001620,1620 Geographos (1951 RA),https://ssd.jpl.nasa.gov/tools/sbdb_lookup.html#/?sstr=2001620,15.26,2.35806068,5.2727839755,True,False,1901-08-23,42346.1219923274,5071250.822425447,Earth
2001863,1863 Antinous (1948 EA),https://ssd.jpl.nasa.gov/tools/sbdb_lookup.html#/?sstr=2001863,15.35,2.2623249055,5.058712276,False,False,1907-10-11,65086.2518848308,13378705.991221194,Mars
2001915,1915 Quetzalcoatl (1953 EA),https://ssd.jpl.nasa.gov/tools/sbdb_lookup.html#/?sstr=2001915,18.38,0.5604733623,1.2532565376,False,False,1906-03-06,54435.5501077667,3789658.286758657,Earth
2001917,1917 Cuyo (1968 AA),https://ssd.jpl.nasa.gov/tools/sbdb_lookup.html#/?sstr=2001917,14.38,3.536347843,7.907514169,False,False,1926-09-28,54844.1633277299,16872241.846701557,Earth
2002063,2063 Bacchus (1977 HB),https://ssd.jpl.nasa.gov/tools/sbdb_lookup.html#/?sstr=2002063,17.21,0.9606274149,2.1480282008,False,False,1903-03-06,37400.8037755259,9959874.764243583,Venus
2002100,2100 Ra-Shalom (1978 RA),https://ssd.jpl.nasa.gov/tools/sbdb_lookup.html#/?sstr=2002100,16.24,1.5016024791,3.3576852183,False,False,1906-12-24,64782.4637706833,12234214.413167575,Merc
2002102,2102 Tantalus (1975 YA),https://ssd.jpl.nasa.gov/tools/sbdb_lookup.html#/?sstr=2002102,16.0,1.6770846216,3.750075218,True,False,1912-12-23,122044.0248309478,10979849.572468218,Earth
2002201,2201 Oljato (1947 XC),https://ssd.jpl.nasa.gov/tools/sbdb_lookup.html#/?sstr=2002201,15.32,2.29379698,5.1290859738,True,False,1903-06-18,91244.2564079327,25845171.905392267,Earth
2002340,2340 Hathor (1976 UA),https://ssd.jpl.nasa.gov/tools/sbdb_lookup.html#/?sstr=2002340,20.41,0.2200670271,0.4920848322,True,False,1901-07-04,62969.6371285868,11911205.968456928,Merc
2000719,719 Albert (A911 TB),https://ssd.jpl.nasa.gov/tools/sbdb_lookup.html#/?sstr=2000719,15.59,2.0256060086,4.529392731,False,False,1909-08-21,12405.7041350431,255628988.036048565,Juptr
2000887,887 Alinda (A918 AA),https://ssd.jpl.nasa.gov/tools/sbdb_lookup.html#/?sstr=2000887,13.82,4.5767266723,10.2338719537,False,False,1974-01-04,25545.5052519438,20461808.688876345,Earth
2001627,1627 Ivar (1929 SH),https://ssd.jpl.nasa.gov/tools/sbdb_lookup.html#/?sstr=2001627,12.79,7.3545308935,16.4452310205,False,False,1929-07-19,23579.5335446996,24911351.064012751,Earth
2001916,1916 Boreas (1953 RA),https://ssd.jpl.nasa.gov/tools/sbdb_lookup.html#/?sstr=2001916,14.93,2.7450798165,6.1381850734,False,False,,,,
2001943,1943 Anteros (1973 EC),https://ssd.jpl.nasa.gov/tools/sbdb_lookup.html#/?sstr=2001943,15.68,1.9433676839,4.3455022465,False,False,1937-05-28,25928.324867081,18431529.377939615,Earth
2002101,2101 Adonis (1936 CA),https://ssd.jpl.nasa.gov/tools/sbdb_lookup.html#/?sstr=2002101,18.69,0.4859090375,1.0865256386,True,False,1902-07-16,69587.3878906057,28140949.153484064,Earth
2002135,2135 Aristaeus (1977 HA),https://ssd.jpl.nasa.gov/tools/sbdb_lookup.html#/?sstr=2002135,18.05,0.6524616298,1.4589485569,True,False,1958-10-17,98776.0299183462,71380028.480414418,Earth
2000433,433 Eros (A898 PA),https://ssd.jpl.nasa.gov/tools/sbdb_lookup.html#/?sstr=2000433,10.39,22.2103282246,49.6638037128,False,False,1900-12-27,20083.0290749201,47112732.928149391,Earth
2001036,1036 Ganymed (A924 UB),https://ssd.jpl.nasa.gov/tools/sbdb_lookup.html#/?sstr=2001036,9.17,38.9542616126,87.1043769791,False,False,1910-02-25,22693.9184052952,292651826.143362125,Juptr
2001685,1685 Toro (1948 OA),https://ssd.jpl.nasa.gov/tools/sbdb_lookup.html#/?sstr=2001685,14.28,3.7030107822,8.2801838305,False,False,1908-08-04,58086.2957143453,26483636.675461925,Earth
2001980,1980 Tezcatlipoca (1950 LA),https://ssd.jpl.nasa.gov/tools/sbdb_lookup.html#/?sstr=2001980,13.8,4.6190746028,10.328564805,False,False,,,,
2002059,2059 Baboquivari (1963 UA),https://ssd.jpl.nasa.gov/tools/sbdb_lookup.html#/?sstr=2002059,15.98,1.6926024946,3.7847742368,False,False,1922-11-16,11660.4139891112,207416502.568043495,Juptr
2002062,2062 Aten (1976 AA),https://ssd.jpl.nasa.gov/tools/sbdb_lookup.html#/?sstr=2002062,17.11,1.0059003902,2.249261651,False,False,1900-01-19,40567.7550002054,18835343.845160325,Earth
2002329,2329 Orthos (1976 WA),https://ssd.jpl.nasa.gov/tools/sbdb_lookup.html#/?sstr=2002329,14.57,3.2400743539,7.2450265076,False,False,1920-10-05,83134.1309438344,27250292.77288159,Earth
2001221,1221 Amor (1932 EA1),https://ssd.jpl.nasa.gov/tools/sbdb_lookup.html#/?sstr=2001221,17.37,0.8923905787,1.9954459964,False,False,1908-03-14,38772.6266119612,27512874.494038238,Earth
2001566,1566 Icarus (1949 MA),https://ssd.jpl.nasa.gov/tools/sbdb_lookup.html#/?sstr=2001566,16.53,1.313877806,2.9379200884,True,False,1902-06-11,97229.0019638462,12638658.792139494,Earth
2001580,1580 Betulia (1950 KA),https://ssd.jpl.nasa.gov/tools/sbdb_lookup.html#/?sstr=2001580,14.54,3.2851482781,7.345814866,False,False,1929-06-09,40887.5570991565,276689988.314172818,Juptr
2001862,1862 Apollo (1932 HA),https://ssd.jpl.nasa.gov/tools/sbdb_lookup.html#/?sstr=2001862,16.09,1.6089960451,3.5978245324,True,False,1911-01-29,41906.5683244585,9839831.898234393,Venus
2001864,1864 Daedalus (1971 FA),https://ssd.jpl.nasa.gov/tools/sbdb_lookup.html#/?sstr=2001864,14.83,2.8744514425,6.4274688236,False,False,1909-11-13,76038.4445432087,22024825.635174355,Venus
2001865,1865 Cerberus (1971 UA),https://ssd.jpl.nasa.gov/tools/sbdb_lookup.html#/?sstr=2001865,16.77,1.1763998937,2.6305101311,False,False,1905-12-23,74066.4935203014,15819612.516217582,Venus
2001866,1866 Sisyphus (1972 XA),https://ssd.jpl.nasa.gov/tools/sbdb_lookup.html#/?sstr=2001866,12.48,8.4831076189,18.9688052962,False,False,1959-11-17,83065.5644490202,29534087.770138719,Earth
2001981,1981 Midas (1973 EA),https://ssd.jpl.nasa.gov/tools/sbdb_lookup.html#/?sstr=2001981,15.28,2.3364418497,5.2244428015,True,False,1916-09-24,113050.525394102,23199848.702355422,Earth
2002061,2061 Anza (1960 UA),https://ssd.jpl.nasa.gov/tools/sbdb_lookup.html#/?sstr=2002061,16.7,1.214940408,2.7166893409,False,False,1943-09-15,24822.4401869129,10260846.619914945,Earth
2002202,2202 Pele (1972 RA),https://ssd.jpl.nasa.gov/tools/sbdb_lookup.html#/?sstr=2002202,16.99,1.0630531449,2.3770590956,False,False,1972-10-07,23378.1490247855,22477105.69833364,Earth
2002212,2212 Hephaistos (1978 SB),https://ssd.jpl.nasa.gov/tools/sbdb_lookup.html#/?sstr=2002212,13.45,5.4269394569,12.1350055355,False,False,1905-03-14,105916.1259739172,17637403.955072893,Venus
2002608,2608 Seneca (1978 DA),https://ssd.jpl.nasa.gov/tools/sbdb_lookup.html#/?sstr=2002608,17.48,0.8483107619,1.8968805296,False,False,1905-03-01,61685.3221529083,25771799.401042504,Earth
2003122,3122 Florence (1981 ET3),https://ssd.jpl.nasa.gov/tools/sbdb_lookup.html#/?sstr=2003122,14.08,4.0602705828,9.0790410302,True,False,1930-08-29,50235.8172451412,7837812.357970226,Earth
2003271,3271 Ul (1982 RB),https://ssd.jpl.nasa.gov/tools/sbdb_lookup.html#/?sstr=2003271,16.54,1.3078410858,2.9244215717,False,False,1949-02-26,49213.0000668604,11184171.076343781,Mars
2003551,3551 Verenia (1983 RD),https://ssd.jpl.nasa.gov/tools/sbdb_lookup.html#/?sstr=2003551,16.72,1.2038017674,2.6917825833,False,False,1983-09-16,28810.4491938201,12754488.563255448,Earth
2003691,3691 Bede (1982 FT),https://ssd.jpl.nasa.gov/tools/sbdb_lookup.html#/?sstr=2003691,14.93,2.7450798165,6.1381850734,False,False,,,,
2003752,3752 Camillo (1985 PA),https://ssd.jpl.nasa.gov/tools/sbdb_lookup.html#/?sstr=2003752,15.14,2.4920398144,5.5723704277,False,False,1934-02-14,104764.5724043333,14064861.365463892,Earth
2003908,3908 Nyx (1980 PA),https://ssd.jpl.nasa.gov/tools/sbdb_lookup.html#/?sstr=2003908,17.45,0.8601119401,1.9232687664,False,False,1932-12-08,34977.2122420762,13926111.375569924,Mars
2004055,4055 Magellan (1985 DO2),https://ssd.jpl.nasa.gov/tools/sbdb_lookup.html#/?sstr=2004055,14.9,2.7832676807,6.2235757337,False,False,,,,
2004197,4197 Morpheus (1982 TA),https://ssd.jpl.nasa.gov/tools/sbdb_lookup.html#/?sstr=2004197,14.97,2.6949764633,6.0261505697,False,False,1913-05-12,102825.7414115641,26640610.812517376,Earth
2003102,3102 Krok (1981 QA),https://ssd.jpl.nasa.gov/tools/sbdb_lookup.html#/?sstr=2003102,16.16,1.5579552413,3.4836938254,False,False,1981-08-25,22059.1624440288,29746628.151072508,Earth
2003103,3103 Eger (1982 BB),https://ssd.jpl.nasa.gov/tools/sbdb_lookup.html#/?sstr=2003103,15.3,2.3150212221,5.176544822,False,False,1981-08-03,61046.8923430069,26405146.966531794,Earth
2003199,3199 Nefertiti (1982 RA),https://ssd.jpl.nasa.gov/tools/sbdb_lookup.html#/?sstr=2003199,14.99,2.6702687706,5.9709024892,False,False,1916-03-16,48319.895556135,7046928.885504061,Mars
2003200,3200 Phaethon (1983 TB),https://ssd.jpl.nasa.gov/tools/sbdb_lookup.html#/?sstr=2003200,14.38,3.536347843,7.907514169,True,False,1924-10-21,121960.0339276838,22346303.065363848,Venus
2003352,3352 McAuliffe (1981 CW),https://ssd.jpl.nasa.gov/tools/sbdb_lookup.html#/?sstr=2003352,15.93,1.7320282714,3.8729329538,False,False,,,,
2003361,3361 Orpheus (1982 HR),https://ssd.jpl.nasa.gov/tools/sbdb_lookup.html#/?sstr=2003361,19.5,0.3346223745,0.7482383761,True,False,1929-11-12,46647.3890555114,22268359.568176661,Earth
2003362,3362 Khufu (1984 QA),https://ssd.jpl.nasa.gov/tools/sbdb_lookup.html#/?sstr=2003362,18.52,0.5254785303,1.1750057146,True,False,1912-09-09,108037.2079069855,72881438.226366259,Earth
